Date;Open;High;Low;Close;Volume;Dividends;Stock Splits;MACD;Signal_Line;RSI;Moving_Average
2023-10-23 00:00:00-04:00;323.04522338424306;330.2511454898498;321.9732827993013;326.8665466308594;24374700;0.0;0.0;0.0;0.0;;
2023-10-24 00:00:00-04:00;328.83175737255755;329.3677427796377;325.1593410549649;328.0675048828125;31153600;0.0;0.0;0.09580293747779933;0.019160587495559867;;
2023-10-25 00:00:00-04:00;342.4495563679796;343.62078827319493;335.10469314941287;338.1319885253906;55053800;0.0;0.0;0.9726352396107245;0.2098555179185928;;
2023-10-26 00:00:00-04:00;338.00292320069326;339.08479886651975;324.50423962992227;325.4471740722656;37828500;0.0;0.0;0.6366339217777295;0.2952111986904201;;
2023-10-27 00:00:00-04:00;327.9682202624393;334.21136693084026;325.9533453977529;327.35284423828125;29856500;0.0;0.0;0.5181492111145758;0.3397988011752513;;329.1732116699219
2023-10-30 00:00:00-04:00;330.9260284377432;336.921037638267;329.3577828102495;334.7969665527344;22828100;0.0;0.0;1.013247594384893;0.4744885598171797;;330.75929565429686
2023-10-31 00:00:00-04:00;336.32554146280455;336.474417890553;332.1965302220057;335.5910339355469;20265300;0.0;0.0;1.452942613588732;0.6701793705714902;;332.2640014648438
2023-11-01 00:00:00-04:00;337.2585179647521;344.83167807578866;337.1195464481157;343.4917297363281;28158800;0.0;0.0;2.4111301983424482;1.018369536125682;;333.33594970703126
2023-11-02 00:00:00-04:00;344.65303519421735;346.2311859810314;342.20143560433667;345.7250061035156;24348100;0.0;0.0;3.312522800322938;1.4772001889651332;;337.3915161132812
2023-11-03 00:00:00-04:00;347.02520380842185;351.74975071794626;344.74232101279864;350.17156982421875;23624000;0.0;0.0;4.335704163636478;2.048900983899402;;341.95526123046875
2023-11-06 00:00:00-05:00;350.8167694917966;354.87629489266607;350.717508445105;353.8738098144531;23828300;0.0;0.0;5.383267633674166;2.7157743138543546;;345.7706298828125
2023-11-07 00:00:00-05:00;356.7224079701727;359.7596080704009;354.965605650305;357.843994140625;25833900;0.0;0.0;6.459370325578732;3.4644935161992305;;350.2212219238281
2023-11-08 00:00:00-05:00;358.9854149811907;361.15910153051215;357.86382882767936;360.4941101074219;26767800;0.0;0.0;7.440264929686236;4.259647798896632;;353.6216979980469
2023-11-09 00:00:00-05:00;359.600798335479;362.07226805792885;357.67524920435096;358.0028076171875;24847300;0.0;0.0;7.925246373231175;4.992767513763541;75.31876983703542;356.07725830078124
2023-11-10 00:00:00-05:00;358.79681326613644;367.3426826939886;358.37995931758695;366.9158935546875;28042100;0.0;0.0;8.925916794119814;5.779397369834795;78.44349975009959;359.426123046875
2023-11-13 00:00:00-05:00;365.4767164421842;365.72485391110945;363.1739934609058;363.94818115234375;19986500;0.0;0.0;9.371457396120604;6.497809375091958;74.85901627698101;361.4409973144531
2023-11-14 00:00:00-05:00;368.2459516221875;369.17895096034954;364.61321531853474;367.5114440917969;27683900;0.0;0.0;9.897979328514964;7.1778433657765595;72.36999135599365;363.3744873046875
2023-11-15 00:00:00-05:00;369.2618480370104;371.10179814180987;365.11450137215627;367.6606140136719;26860100;0.75;0.0;10.209598621697012;7.78419441696065;89.72545852642027;364.8077880859375
2023-11-16 00:00:00-05:00;368.94360277815775;374.30431948407886;368.1678437571713;374.12530517578125;27182300;0.0;0.0;10.853097948412994;8.397975123251118;90.53740950337547;368.03228759765625
2023-11-17 00:00:00-05:00;371.5792022635868;372.3350809432151;365.005145947623;367.83966064453125;40157000;0.0;0.0;10.732163122710006;8.864812723142897;79.22476343376118;368.217041015625
2023-11-20 00:00:00-05:00;369.2022053086174;376.810617053383;368.98339992208895;375.3883972167969;52465100;0.0;0.0;11.11728817816379;9.315307814147076;81.44213122137471;370.5050842285156
2023-11-21 00:00:00-05:00;373.6280182633099;374.1750165378886;369.10273207152704;371.0421447753906;28423100;0.0;0.0;10.945621993485076;9.641370650014675;73.06159588740852;371.2112243652344
2023-11-22 00:00:00-05:00;375.94535168873216;377.7256305034054;372.9318227027555;375.7961730957031;23345300;0.0;0.0;11.065627988380072;9.926222117687756;74.15238741392986;372.8383361816406
2023-11-24 00:00:00-05:00;375.2789554627134;375.91549121999134;373.1008874444975;375.37841796875;10176600;0.0;0.0;11.000220561280173;10.14102180640624;71.64637374272101;373.0889587402344
2023-11-27 00:00:00-05:00;374.731962508856;378.5709967639776;374.15512852839515;376.552001953125;22179200;0.0;0.0;10.917236022433713;10.296264649611736;70.3590788320856;374.8314270019531
2023-11-28 00:00:00-05:00;376.29345075601475;380.9181691941685;376.10448108989755;380.61981201171875;20453100;0.0;0.0;11.052304368211821;10.447472593331755;70.41094391843477;375.8777099609375
2023-11-29 00:00:00-05:00;381.6740559679596;382.2110989077795;375.38840147609375;376.7907409667969;28963400;0.0;0.0;10.726721998862331;10.50332247443787;64.3022890818925;377.0274291992188
2023-11-30 00:00:00-05:00;376.43267242664;378.0239815470539;373.4290988462353;376.85040283203125;30554400;0.0;0.0;10.354153601882274;10.473488699926751;67.27854242041381;377.2382751464844
2023-12-01 00:00:00-05:00;374.712073985326;376.1044580041203;369.2916861405215;372.47430419921875;33020400;0.0;0.0;9.59516874348975;10.297824708639352;55.5580239167929;376.65745239257814
2023-12-04 00:00:00-05:00;367.0937233301231;367.51142337800945;360.92741195614553;367.1335144042969;32063300;0.0;0.0;8.465129925000497;9.931285751911581;53.04080057100406;374.7737548828125
2023-12-05 00:00:00-05:00;364.4581343822117;371.05207082009633;363.6326289381052;370.4951171875;23065000;0.0;0.0;7.751465204616295;9.495321642452524;52.859299501013936;372.7488159179687
2023-12-06 00:00:00-05:00;371.50963606154306;372.14614156591165;366.02957589155807;366.7953796386719;21182100;0.0;0.0;6.808854633985732;8.958028240759166;49.22366337132505;370.74974365234374
2023-12-07 00:00:00-05:00;366.2284688548053;369.4309675148412;364.32884716235355;368.9336853027344;23118900;0.0;0.0;6.163325383656456;8.399087669338623;44.94969556091899;369.16640014648436
2023-12-08 00:00:00-05:00;367.19317378304464;372.4245616764996;366.2284451399598;372.1958312988281;20144800;0.0;0.0;5.847559692817299;7.888782074034359;54.50244800087813;369.11070556640624
2023-12-11 00:00:00-05:00;366.477089826347;369.580125803139;364.1100217704953;369.28173828125;27708800;0.0;0.0;5.301062803232583;7.371238219874004;43.01951506415601;369.54035034179685
2023-12-12 00:00:00-05:00;368.83419032630775;372.3847922926447;368.44629566619096;372.3450012207031;24838300;0.0;0.0;5.056847607950374;6.908360097489279;51.534290449965575;369.9103271484375
2023-12-13 00:00:00-05:00;373.9761082566912;375.58732813825895;368.7546449682694;372.3350830078125;30955500;0.0;0.0;4.807091827051977;6.4881064434018185;45.41137896127793;371.0182678222656
2023-12-14 00:00:00-05:00;371.280838712993;371.72840483967144;362.1507446830086;363.9409484863281;43277500;0.0;0.0;3.8870149790267874;5.967888150526813;37.48367761460401;370.01972045898435
2023-12-15 00:00:00-05:00;364.85595950446617;370.37577983362354;364.28905050694055;368.7148742675781;78478200;0.0;0.0;3.502686570912772;5.474847834604005;42.05007203651914;369.3235290527344
2023-12-18 00:00:00-05:00;367.4418322749103;370.9725237787748;366.67599825650075;370.6244201660156;21802900;0.0;0.0;3.3139863619134644;5.042675540065897;39.39645086119095;369.5920654296875
2023-12-19 00:00:00-05:00;369.4707112441685;371.2311096191406;367.82968609003717;371.2311096191406;20603700;0.0;0.0;3.176774970930694;4.669495426238857;43.66927524950655;369.369287109375
2023-12-20 00:00:00-05:00;372.9616349853217;373.98603506201357;368.51593108222886;368.6054382324219;26316700;0.0;0.0;2.823615337790727;4.300319408549231;41.129853577626704;368.62335815429685
2023-12-21 00:00:00-05:00;370.53492894979803;372.3748792520713;368.028637463181;371.5096130371094;17708000;0.0;0.0;2.7464174291485506;3.9895390126690953;48.92821614833209;370.1370910644531
2023-12-22 00:00:00-05:00;371.64881291679967;373.14065949756883;370.6840842471678;372.5439147949219;17091100;0.0;0.0;2.7371449352042987;3.739060197176136;56.647090229578225;370.90289916992185
2023-12-26 00:00:00-05:00;372.96165289509315;374.8911102742062;371.46980628351275;372.6235046386719;12673100;0.0;0.0;2.705036673237032;3.532255492388315;52.84425923977452;371.30271606445314
2023-12-27 00:00:00-05:00;371.65877331795474;373.02132169061383;370.78355178908555;372.0367126464844;14905400;0.0;0.0;2.6022443811709763;3.3462532701448477;57.63985886447466;371.4638366699219
2023-12-28 00:00:00-05:00;373.3296194550034;374.4136909666463;372.12620507627264;373.2401123046875;14327000;0.0;0.0;2.588051596518085;3.194612935419495;56.452998058334124;372.390771484375
2023-12-29 00:00:00-05:00;373.956180608808;375.10987885076185;371.4498894738907;373.9959716796875;18723000;0.0;0.0;2.607734902314064;3.077237328798409;52.916495676207525;372.88804321289064
2024-01-02 00:00:00-05:00;371.8278333128194;373.85675319437513;364.77637533441424;368.8540954589844;25258600;0.0;0.0;2.183260359023336;2.8984419348433947;49.353801884225724;372.15007934570315
2024-01-03 00:00:00-05:00;367.00421754136386;371.2311162250648;366.5069353432814;368.5855712890625;23083500;0.0;0.0;1.8043936422175193;2.6796322763182197;43.79517410825366;371.3424926757813
2024-01-04 00:00:00-05:00;368.65517399212956;371.071958032483;365.17419883301005;365.94000244140625;20901500;0.0;0.0;1.2759553247677218;2.39889688600812;40.28990261822415;370.12315063476564
2024-01-05 00:00:00-05:00;366.9644073117081;370.0376074932349;364.5078321673447;365.75103759765625;20987000;0.0;0.0;0.8323217799735403;2.085581864801204;53.66046026524806;368.6253356933594
2024-01-08 00:00:00-05:00;367.292633952991;373.1605884048141;367.0042321198686;372.6533508300781;23134000;0.0;0.0;1.0258723741886797;1.8736399666786991;57.333327272231365;368.3568115234375
2024-01-09 00:00:00-05:00;369.9878929479498;373.94623962935907;369.1723428978833;373.7473449707031;20830000;0.0;0.0;1.2530939122226528;1.74953075578749;55.99692453387467;369.33546142578126
2024-01-10 00:00:00-05:00;374.32418620703794;382.0818064859509;374.2744701293323;380.68939208984375;25514200;0.0;0.0;1.9706177488220078;1.7937481543943936;64.6082535744216;371.7562255859375
2024-01-11 00:00:00-05:00;383.9018856265645;388.55644006426115;378.3124381584288;382.5393371582031;27850800;0.0;0.0;2.6578970821086614;1.9665779399372472;72.04915673635432;375.0760925292969
2024-01-12 00:00:00-05:00;383.3946161527287;386.5672789780478;382.5591857091536;386.3584289550781;21645700;0.0;0.0;3.470731266262135;2.267408605202225;72.83571218046072;379.19757080078125
2024-01-16 00:00:00-05:00;391.520239126531;391.88822311121146;385.5130614406214;388.1486511230469;27202300;0.0;0.0;4.210824418057882;2.6560917677733564;73.45293964400642;382.296630859375
2024-01-17 00:00:00-05:00;385.8711055875195;387.98950225722587;382.718323094995;387.3529968261719;22234100;0.0;0.0;4.679211878909996;3.0607157900006845;71.67105485292691;385.01776123046875
2024-01-18 00:00:00-05:00;389.590757608681;391.8484078099571;387.99944854071236;391.72906494140625;23392100;0.0;0.0;5.341945814651467;3.5169617949308414;76.06633903259348;387.22569580078124
2024-01-19 00:00:00-05:00;393.60880476389866;396.50299072265625;391.3610795752693;396.50299072265625;29272000;0.0;0.0;6.181130917059761;4.049795619356626;78.13328097481329;390.0184265136719
2024-01-22 00:00:00-05:00;397.8456674885771;398.44241223960563;391.45062524493704;394.3547668457031;27016900;0.0;0.0;6.596803597798612;4.559197215045024;73.81902288438839;391.61769409179686
2024-01-23 00:00:00-05:00;393.5988785612289;397.2091523478285;391.7887639894393;396.73175048828125;20525900;0.0;0.0;7.036912756784886;5.054740323392997;84.87189138386623;393.3343139648438
2024-01-24 00:00:00-05:00;399.35741189194886;403.42517679056124;398.2733402995586;400.3718566894531;24867000;0.0;0.0;7.591913729226235;5.562175004559644;86.66821097723175;395.9380859375
2024-01-25 00:00:00-05:00;402.1222827302953;404.7976633760543;400.3420039680487;402.6692810058594;21021200;0.0;0.0;8.123496331402407;6.074439269928197;92.71346529354605;398.1261291503906
2024-01-26 00:00:00-05:00;402.1719857469165;403.96221980749175;400.2425284587017;401.734375;17803300;0.0;0.0;8.372823573877497;6.534116130718058;91.13236428889375;399.1724060058594
2024-01-29 00:00:00-05:00;403.85278039555976;407.7514858368659;402.13217321646266;407.4928894042969;24510200;0.0;0.0;8.932117308081104;7.013716366190668;90.89425442499115;401.80003051757814
2024-01-30 00:00:00-05:00;410.01914442764627;410.80482847949565;404.24072747797504;406.36907958984375;33477600;0.0;0.0;9.17887124787876;7.446747342528286;88.26423844805159;403.7274963378906
2024-01-31 00:00:00-05:00;404.74793405343684;413.0625085146517;395.0509308101669;395.4189147949219;47871100;0.0;0.0;8.394077043306197;7.636213282683868;65.79233406428874;402.7369079589844
2024-02-01 00:00:00-05:00;399.6457923919272;405.782267985573;399.61595667452553;401.585205078125;30657700;0.0;0.0;8.17544859173637;7.744060344494368;68.69023553898447;402.5200927734375
2024-02-02 00:00:00-05:00;401.6150459193161;410.4069915289673;401.3664048205646;408.9847717285156;28245000;0.0;0.0;8.501269810147448;7.895502237624985;70.74598466618166;403.9701721191406
2024-02-05 00:00:00-05:00;407.67193648995806;408.9250973311322;401.7940573158409;403.4450378417969;25352300;0.0;0.0;8.217746183350698;7.959951026770128;63.12287801005779;403.1606018066406
2024-02-06 00:00:00-05:00;403.6737833372877;405.75241918711475;400.7199260029661;403.285888671875;18382600;0.0;0.0;7.889267098278594;7.9458142410718215;63.819870433007026;402.54396362304686
2024-02-07 00:00:00-05:00;405.2253513604076;412.048049077267;405.1855602830067;411.7994079589844;22340500;0.0;0.0;8.221146651700565;8.000880723197572;66.24278889968451;405.8200622558594
2024-02-08 00:00:00-05:00;411.7993678721975;413.3011697929746;410.28764094681054;411.8590393066406;21225300;0.0;0.0;8.392234880528576;8.079151554663774;63.45416188726768;407.8748291015625
2024-02-09 00:00:00-05:00;412.9928590098735;418.53258989376275;412.8337250667871;418.2640380859375;22032800;0.0;0.0;8.941580433878698;8.25163733050676;69.4939663825317;409.7306823730469
2024-02-12 00:00:00-05:00;418.2739866071132;418.45300090827396;412.4955700788698;413.0028076171875;21202900;0.0;0.0;8.850381722513362;8.371386208908081;62.67037768975505;411.642236328125
2024-02-13 00:00:00-05:00;402.7389159311724;407.8410362274365;401.1973532313077;404.1114196777344;27824900;0.0;0.0;7.968786181715075;8.29086620346948;52.69186969152172;411.8073425292969
2024-02-14 00:00:00-05:00;406.6024273726602;408.3660508109545;403.1150147467339;408.0173034667969;20401200;0.75;0.0;7.498845519741678;8.132462066723921;53.762567728537924;411.05092163085936
2024-02-15 00:00:00-05:00;406.67217404920154;407.6586038685065;402.8360141628252;405.09783935546875;21825500;0.0;0.0;6.812309738434465;7.86843160106603;52.302060479269045;409.698681640625
2024-02-16 00:00:00-05:00;406.49281005598874;406.8216402771548;401.9890766652795;402.6068420410156;22281100;0.0;0.0;5.998080383397735;7.494361357532371;46.49925527234817;406.56724243164064
2024-02-20 00:00:00-05:00;401.78976350568934;403.03526796096475;396.57859232582433;401.3414001464844;24307900;0.0;0.0;5.190850277370487;7.033659141499995;46.40507501364896;404.2349609375
2024-02-21 00:00:00-05:00;398.73083103930014;400.8432017480266;395.7914283369083;400.73358154296875;18631100;0.0;0.0;4.450763094563001;6.517079932112596;54.45972696333134;403.55939331054685
2024-02-22 00:00:00-05:00;408.71478444266717;411.3452740659007;407.1006155180746;410.1695251464844;27009900;0.0;0.0;4.57292660809037;6.128249267308151;56.82869454390969;403.9898376464844
2024-02-23 00:00:00-05:00;414.1751061358801;414.36439484849507;407.49918971824974;408.8642578125;16295900;0.0;0.0;4.512401748933996;5.80507976363332;49.89383991952372;404.7431213378906
2024-02-26 00:00:00-05:00;409.98022599205785;410.67772069092507;405.8949650583185;406.0743408203125;16193500;0.0;0.0;4.191001124874219;5.4822640358815;52.434059715643556;405.43662109375
2024-02-27 00:00:00-05:00;406.52267149644587;406.8515016937889;402.3975766433515;406.0145263671875;14835800;0.0;0.0;3.8866592992234246;5.1631430885498855;52.53067250247089;406.3712463378906
2024-02-28 00:00:00-05:00;406.71199923437507;407.8279663601961;403.8622996386407;406.253662109375;13183100;0.0;0.0;3.6229987907629493;4.855114228992498;43.92405935145118;407.4752624511719
2024-02-29 00:00:00-05:00;407.17038672368494;412.71038837541505;404.4601676819315;412.15240478515625;31947300;0.0;0.0;3.8456944031053695;4.653230263815073;50.284953404945675;407.87183837890626
2024-03-01 00:00:00-05:00;409.7908782935449;414.37434071888777;409.40229671994484;414.00567626953125;17800300;0.0;0.0;4.12418476590949;4.547421164233956;45.46252120165242;408.9001220703125
2024-03-04 00:00:00-05:00;411.95310713420247;415.84904886214485;410.8371399665941;413.42779541015625;17596000;0.0;0.0;4.249277206493616;4.487792372685888;50.50305168796491;410.3708129882813
2024-03-05 00:00:00-05:00;412.4711952290164;412.7601607658309;399.1991233687723;401.2018737792969;26919200;0.0;0.0;3.3235720972929244;4.254948317607296;46.807993475369926;409.4082824707031
2024-03-06 00:00:00-05:00;401.520730349561;403.7028565055454;396.9572155769562;400.6438903808594;22344100;0.0;0.0;2.5159175999265244;3.907142174071142;41.26943862676824;408.286328125
2024-03-07 00:00:00-05:00;404.6594510933356;408.3062921519282;400.79340001238523;407.6686096191406;18718500;0.0;0.0;2.4148448976370673;3.608682718784327;52.774241141852215;407.3895690917969
2024-03-08 00:00:00-05:00;406.49279622041365;408.943970922281;402.87584635764586;404.7590637207031;17971700;0.0;0.0;2.0760367555391213;3.302153526135286;52.301772251052576;405.5402465820313
2024-03-11 00:00:00-04:00;402.3079090049905;404.2209868017705;399.8169001180621;403.0651550292969;16120800;0.0;0.0;1.6518036231788642;2.972083545544002;51.82679060019793;403.46771850585935
2024-03-12 00:00:00-04:00;406.15401359976437;414.07543405197885;405.327012025755;413.7864685058594;22457000;0.0;0.0;2.155864738426601;2.8088397841205217;61.391272666453254;405.98463745117186
2024-03-13 00:00:00-04:00;416.5963580657627;416.67605697562533;409.9702800987869;413.6071472167969;17115900;0.0;0.0;2.5119113243116544;2.7494540921587487;53.578117336735126;408.57728881835936
2024-03-14 00:00:00-04:00;418.72863404872095;426.28139027338693;416.48672597594526;423.69073486328125;34157300;0.0;0.0;3.5666281901883394;2.912888911764667;63.04801591649854;411.7817138671875
2024-03-15 00:00:00-04:00;417.7820672194502;421.08016064962663;411.3054439239168;414.9223937988281;45049800;0.0;0.0;3.6528591746630923;3.0608829643443523;57.04535878154195;413.8143798828125
2024-03-18 00:00:00-04:00;412.76018651759574;419.21689271760266;412.2918756147088;415.81915283203125;20106000;0.0;0.0;3.750327371134915;3.198771845702465;57.704353197681385;416.36517944335935
2024-03-19 00:00:00-04:00;416.32729782359553;420.15351436066743;414.0554988591103;419.8944396972656;19837900;0.0;0.0;4.1090466781769805;3.380826812197369;60.10928442674302;417.58677368164064
2024-03-20 00:00:00-04:00;420.4823195339551;424.42806927889796;419.1471423578337;423.7007141113281;17860100;0.0;0.0;4.646902251731433;3.6340419001041817;58.83247851836845;419.60548706054686
2024-03-21 00:00:00-04:00;428.2841428024405;429.2706030363767;425.6237622387378;427.8258056640625;21296200;0.0;0.0;5.344410050013835;3.9761155300861124;60.215047942319444;420.4325012207031
2024-03-22 00:00:00-04:00;428.1546284078146;428.31402622095453;424.5376785647452;427.19805908203125;17636500;0.0;0.0;5.7799089105002395;4.336874206168938;60.17069265224573;422.88763427734375
2024-03-25 00:00:00-04:00;423.7106482644727;425.87285741065665;420.09369840693;421.3392028808594;18060500;0.0;0.0;5.587870669357642;4.587073498806679;66.41753167265455;423.99164428710935
2024-03-26 00:00:00-04:00;424.0792944107052;424.45793261968106;419.83463602416924;420.133544921875;16725600;0.0;0.0;5.277556077211727;4.725170014487689;65.72344587937127;424.0394653320312
2024-03-27 00:00:00-04:00;422.91352154834817;422.9234953142656;417.5030576163737;419.9143371582031;16705000;0.0;0.0;4.956802360596896;4.77149648370953;61.09799539782282;423.2821899414063
2024-03-28 00:00:00-04:00;419.446036304839;420.35276719813675;417.61265739375546;419.2069091796875;21871200;0.0;0.0;4.59257881384508;4.73571294973664;63.63807635158765;421.55841064453125
2024-04-01 00:00:00-04:00;422.42532544323956;426.35115812547906;420.70153623961255;423.0430908203125;16316000;0.0;0.0;4.56090159254984;4.70075067829928;68.12516231707662;420.7274169921875
2024-04-02 00:00:00-04:00;418.5991130717621;420.86096876567433;416.3372877856753;419.9243469238281;17912000;0.0;0.0;4.235318483353353;4.607664239310095;56.459770882821864;420.44444580078124
2024-04-03 00:00:00-04:00;418.22048493570827;421.73778835137483;417.58277204973547;418.9378967285156;16502300;0.0;0.0;3.8532750804155285;4.456786407531182;55.51659101847769;420.2053161621094
2024-04-04 00:00:00-04:00;423.46155114559343;427.12833945948364;416.068253550806;416.37713623046875;19370900;0.0;0.0;3.30576416852125;4.226581959729196;41.03567148301262;419.4978759765625
2024-04-05 00:00:00-04:00;418.49949130961807;424.9761147954023;416.8155667706881;423.9896545410156;16544300;0.0;0.0;3.4463965196616755;4.0705448717156925;61.43788534859226;420.4544250488281
2024-04-08 00:00:00-04:00;423.6409193804279;425.7433163180875;421.77761916132215;423.06298828125;14272400;0.0;0.0;3.4433812923440996;3.9451121558413744;59.13083818791141;420.4584045410156
2024-04-09 00:00:00-04:00;424.9063459466705;426.20165844015906;420.10367338348533;424.7469177246094;12512300;0.0;0.0;3.5361086761969887;3.863311459912498;56.50893532572922;421.42291870117185
2024-04-10 00:00:00-04:00;420.67163383024246;422.50501278575086;418.19059862320614;421.73779296875;16216600;0.0;0.0;3.3284166610707757;3.7563325001441537;47.3094720004551;421.98289794921874
2024-04-11 00:00:00-04:00;424.28859418130247;427.82581484762187;420.8410157834726;426.3909912109375;17966400;0.0;0.0;3.498959623968915;3.7048579249091063;48.06140052843906;423.9856689453125
2024-04-12 00:00:00-04:00;422.5249521781749;423.650893158757;418.2603458072204;420.3826904296875;19232100;0.0;0.0;3.1134070724763774;3.5865677544225605;41.96054827501299;423.2642761230469
2024-04-15 00:00:00-04:00;425.06578708629894;425.2849970973167;411.9431381329404;412.15240478515625;20273500;0.0;0.0;2.11930855966375;3.2931159154707985;39.73735975645094;421.0821594238281
2024-04-16 00:00:00-04:00;413.07904589917786;416.8952582906374;412.2420705278667;413.0889892578125;16765600;0.0;0.0;1.3910180752542374;2.9126963474274867;42.08287946177464;418.7505737304688
2024-04-17 00:00:00-04:00;415.74940334221725;417.37354608032194;408.85427703017245;410.3588562011719;15855500;0.0;0.0;0.5867796675630643;2.4475130114546024;39.834660731144474;416.47478637695315
2024-04-18 00:00:00-04:00;409.1532132353134;410.40869149599354;402.49724451606636;402.8160705566406;21029900;0.0;0.0;-0.6517122949217082;1.8276679501793405;34.77696961657787;411.7598022460937
2024-04-19 00:00:00-04:00;402.5769461656378;404.0217435519042;396.339449885593;397.6846008300781;30276500;0.0;0.0;-2.0239618471934477;1.0573419907047827;27.001584805353474;407.2201843261719
2024-04-22 00:00:00-04:00;398.6411348292365;401.4011922340004;394.326720664829;399.5179748535156;20286900;0.0;0.0;-2.929768989158447;0.2599197947321368;31.05102436392407;404.69329833984375
2024-04-23 00:00:00-04:00;402.78617655393526;406.73195665478823;401.61042761834875;406.1042175292969;15734500;0.0;0.0;-3.0806609924686654;-0.40819636270802373;39.20548527495679;403.2963439941406
2024-04-24 00:00:00-04:00;408.08703844851493;410.98657644886526;405.31703777585045;407.5888366699219;15065300;0.0;0.0;-3.0453428186878;-0.935625653903979;42.471804722574994;402.7423400878906
2024-04-25 00:00:00-04:00;392.61289730195864;398.4518380317162;386.6344758845294;397.6048889160156;40586500;0.0;0.0;-3.7794074000122464;-1.5043820031256327;28.280804883563192;401.7001037597656
2024-04-26 00:00:00-04:00;410.6877015039508;411.5147031453564;404.30075052532226;404.8587341308594;29694700;0.0;0.0;-3.7328047340537296;-1.9500665493112521;36.42847749830617;403.1349304199219
2024-04-29 00:00:00-04:00;403.7925555014032;404.85871464230763;397.7543521688509;400.8033447265625;19582100;0.0;0.0;-3.977260435607832;-2.3555053265705683;32.75935038742861;403.3920043945312
2024-04-30 00:00:00-04:00;400.0460498169102;400.7136535719452;387.7703812443129;387.9297790527344;28781400;0.0;0.0;-5.150411760542738;-2.9144866133650025;28.684477367838767;399.7571166992187
2024-05-01 00:00:00-04:00;391.1979854890888;400.2752376954743;388.9062694736309;393.5196228027344;23562500;0.0;0.0;-5.564939801325977;-3.444577250957198;29.51694299318035;396.9432739257812
2024-05-02 00:00:00-04:00;396.22986485240887;398.49169010971565;393.23068024330894;396.4092102050781;17709400;0.0;0.0;-5.5957859686891425;-3.8748189945035874;34.45736515397152;396.7041381835937
2024-05-03 00:00:00-04:00;400.8332267481025;405.6857072666299;400.4147238694429;405.1974792480469;17446700;0.0;0.0;-4.8551250540082265;-4.0708802064045155;45.52332888217877;396.7718872070312
2024-05-06 00:00:00-04:00;407.28995676641233;412.44134649548096;404.90853749941664;412.0527648925781;16996600;0.0;0.0;-3.6726457098481546;-3.9912333070932435;49.380236413661486;399.0217712402344
2024-05-07 00:00:00-04:00;413.1687335044037;413.17870727122335;407.6187579788331;407.86785888671875;20018200;0.0;0.0;-3.0381869226135905;-3.800624030197313;48.53562280298569;403.00938720703124
2024-05-08 00:00:00-04:00;406.7020659589674;410.74746209427366;405.2472948266194;409.06353759765625;11792300;0.0;0.0;-2.4110988368978497;-3.5227189915374204;53.96886204512611;406.1181701660156
2024-05-09 00:00:00-04:00;409.09342143632676;411.2356830323753;407.628706970669;410.8371276855469;14689700;0.0;0.0;-1.75083062783699;-3.1683413187973346;58.727837252856204;409.0037536621094
2024-05-10 00:00:00-04:00;411.454898796182;413.8861259760523;410.31898411359913;413.2484130859375;13402300;0.0;0.0;-1.021220738338343;-2.738917202705536;59.041980429631685;410.6139404296875
2024-05-13 00:00:00-04:00;416.50666601097504;416.8454395758238;409.34252191031106;412.2320861816406;15440200;0.0;0.0;-0.5190257262439104;-2.2949389074132114;54.35489257969229;410.6498046875
2024-05-14 00:00:00-04:00;410.5382086979875;415.9885377174583;410.0698977801234;415.0618896484375;15109300;0.0;0.0;0.10608603529817628;-1.814733918870934;55.211237752228236;412.08861083984374
2024-05-15 00:00:00-04:00;417.14811372005255;423.04748418125;416.51924233374484;422.31878662109375;22239500;0.75;0.0;1.1735347689655669;-1.2170801813036338;67.91530115934833;414.7396606445312
2024-05-16 00:00:00-04:00;421.04111473047993;424.65462746809226;419.5937417467572;420.2325744628906;17530100;0.0;0.0;1.8300599035894152;-0.6076521643250241;62.04721027579663;416.61875
2024-05-17 00:00:00-04:00;421.7797738940241;422.15909507145113;417.2778785450943;419.4539489746094;15352200;0.0;0.0;2.2614634897299766;-0.03382903351402394;65.40611451904593;417.8598571777344
2024-05-20 00:00:00-04:00;419.45396241482433;426.00215742526564;419.2343570136284;424.5747375488281;16272100;0.0;0.0;2.9821820433135713;0.5693731818514951;84.71672256273852;420.32838745117186
2024-05-21 00:00:00-04:00;426.0620511343007;432.19101891399305;424.08563296720774;428.2680969238281;21453300;0.0;0.0;3.8074895548869563;1.2169964564585873;84.14706559760468;422.96962890625
2024-05-22 00:00:00-04:00;429.31620330543893;431.6320366067369;426.36153729569446;429.74542236328125;18073700;0.0;0.0;4.528557132572985;1.879308591681467;83.69448339552827;424.4549560546875
2024-05-23 00:00:00-04:00;432.19101060705754;432.81988199819887;424.654606594968;426.23175048828125;17211700;0.0;0.0;4.761595716143859;2.4557660165739454;73.7977862652877;425.6547912597656
2024-05-24 00:00:00-04:00;426.4214201614011;430.284452546189;423.6464230389501;429.3860778808594;11845800;0.0;0.0;5.141539860330795;2.9929207853253157;71.40295794306593;427.64121704101564
2024-05-28 00:00:00-04:00;428.8570153768908;430.0448767681172;425.8324681657636;429.5457763671875;15718000;0.0;0.0;5.393363329924114;3.4730092942450757;79.72216875737466;428.6354248046875
2024-05-29 00:00:00-04:00;424.9241078592897;430.1646621440202;424.9241078592897;428.3978576660156;15517100;0.0;0.0;5.437626227888984;3.8659326809738577;76.54367125996623;428.661376953125
2024-05-30 00:00:00-04:00;423.5365985674188;423.5365985674188;413.49470068821756;413.9239501953125;28424800;0.0;0.0;4.255724184723988;3.943890981723884;53.14211444181641;425.49708251953126
2024-05-31 00:00:00-04:00;416.0001981551101;416.0001981551101;403.7822296778057;414.38311767578125;47995300;0.0;0.0;3.317863019036963;3.8186853891865002;51.202832294471676;423.1273559570312
2024-06-03 00:00:00-04:00;414.78239441586754;415.68076908060925;408.18430147617795;412.7760009765625;17484700;0.0;0.0;2.4170580611503283;3.5383599235792658;50.56943911062321;419.8053405761719
2024-06-04 00:00:00-04:00;411.68797587586874;415.69077109680313;408.9429234942185;415.3214416503906;14348900;0.0;0.0;1.8868094662892645;3.208049832121266;50.27335963328348;416.9604736328125
2024-06-05 00:00:00-04:00;417.05827419686176;423.316982252091;415.55098123941247;423.24713134765625;16988000;0.0;0.0;2.0821191815926454;2.982863702015542;50.96414838630339;415.9303283691406
2024-06-06 00:00:00-04:00;423.24713337206975;424.54478223440873;419.82328145689553;423.7561950683594;14861300;0.0;0.0;2.2520208316261687;2.8366951279376678;53.7834610630732;417.89677734375
2024-06-07 00:00:00-04:00;425.43321093193657;425.5130535956995;422.2389560533201;423.0874328613281;13621700;0.0;0.0;2.3061220528108493;2.7305805129123044;53.9106523250024;419.63764038085935
2024-06-10 00:00:00-04:00;423.93590960030053;427.3098028561661;423.12736935564175;427.1001892089844;14003000;0.0;0.0;2.64233437574228;2.7129312854783;52.784511127411726;422.5024780273437
2024-06-11 00:00:00-04:00;424.714492210749;432.04128251107204;424.4848950575601;431.9015197753906;14551100;0.0;0.0;3.2586486411626083;2.822074756615162;53.91059177179434;425.81849365234376
2024-06-12 00:00:00-04:00;434.5367860452445;442.6022352259115;432.4705030473988;440.2664489746094;22366200;0.0;0.0;4.3716681454477;3.1319934343816698;59.861530725087235;429.22235717773435
2024-06-13 00:00:00-04:00;440.0568553290733;442.59229404362975;438.5795070893568;440.7855224609375;15960600;0.0;0.0;5.235279965145139;3.5526507405343644;64.45283851423349;432.62822265625
2024-06-14 00:00:00-04:00;437.4914526433868;442.34272445223553;435.93426180663823;441.77374267578125;13582000;0.0;0.0;5.931069983868326;4.028334589201156;62.8547885408677;436.3654846191406
2024-06-17 00:00:00-04:00;441.79369397889576;450.1286768563718;439.92706333342124;447.56329345703125;20790000;0.0;0.0;6.8704585795617845;4.596759387273282;66.74088180284936;440.45810546875
2024-06-18 00:00:00-04:00;448.90088872513473;449.3301382355733;444.0895838547788;445.5369567871094;17112500;0.0;0.0;7.366505880814316;5.150708685981489;65.66893176037846;443.18519287109376
2024-06-20 00:00:00-04:00;445.4970284658229;445.7266256285528;440.47607939422454;444.89813232421875;19877400;0.0;0.0;7.620237787823612;5.644614506349915;87.90628468648275;444.1115295410156
2024-06-21 00:00:00-04:00;446.57508828170745;449.769312632082;445.7066584412535;448.97076416015625;34486200;0.0;0.0;8.057072587488904;6.127106122577713;88.88898038957332;445.7485778808594
2024-06-24 00:00:00-04:00;448.99073575427695;451.9354404836348;445.6068506710909;446.8645935058594;15913700;0.0;0.0;8.139489969932413;6.529582892048653;87.90250940424299;446.766748046875
2024-06-25 00:00:00-04:00;447.4435174764647;450.60782747881404;445.94621624676097;450.138671875;16747500;0.0;0.0;8.372484313602456;6.898163176359414;88.09540186975804;447.2818237304688
2024-06-26 00:00:00-04:00;448.1921782643384;452.7839082321868;447.3836380189599;451.34649658203125;16507000;0.0;0.0;8.555967501783982;7.229724041444328;86.0437240953838;448.4437316894531
2024-06-27 00:00:00-04:00;451.36643984920676;455.3492818389116;450.9571738571483;452.0352478027344;14806300;0.0;0.0;8.657161350565957;7.515211503268654;86.10776436481527;449.87115478515625
2024-06-28 00:00:00-04:00;452.25485824092095;454.560699725703;445.6068370446384;446.1458740234375;28362300;0.0;0.0;8.16797957618553;7.64576511785203;75.97850147052858;449.3061767578125
2024-07-01 00:00:00-04:00;447.8527763611413;456.547096834103;444.8581739492551;455.90826416015625;17662800;0.0;0.0;8.470401278660631;7.810692350013751;78.73366276178086;451.1149108886719
2024-07-02 00:00:00-04:00;452.38462669565615;458.763114135567;452.2947618141318;458.45367431640625;13979800;0.0;0.0;8.813865231484044;8.01132692630781;77.73154053525133;452.7779113769531
2024-07-03 00:00:00-04:00;457.36563430230166;460.1905292078966;457.05619448636736;459.94097900390625;9932800;0.0;0.0;9.101163400573796;8.229294221161007;73.99570478391787;454.49680786132814
2024-07-05 00:00:00-04:00;458.78307168504375;467.5073677076921;458.1442389904913;466.7187805175781;16000300;0.0;0.0;9.763216919890567;8.53607876090692;77.43988954051204;457.4335144042969
2024-07-08 00:00:00-04:00;465.71059339028005;466.8585487354724;463.6243572737453;465.4011535644531;12962300;0.0;0.0;10.065548245944854;8.841972657914507;74.82701452956097;461.2845703125
2024-07-09 00:00:00-04:00;466.15979611649647;466.4891889928316;457.1759884825597;458.7132263183594;17207200;0.0;0.0;9.65420055019132;9.00441823636987;61.498936533824136;461.84556274414064
2024-07-10 00:00:00-04:00;460.3901839011476;465.62074645537155;458.03441412289084;465.4111328125;18196100;0.0;0.0;9.756206143647034;9.154775817825303;68.69489381662477;463.2370544433594
2024-07-11 00:00:00-04:00;462.14702910596276;463.9437784065974;450.73757052011626;453.8819274902344;23111200;0.0;0.0;8.805234532827342;9.08486756082571;57.01372386540215;462.025244140625
2024-07-12 00:00:00-04:00;453.5125737072739;455.5389201916152;449.8392019313785;452.7339782714844;16324300;0.0;0.0;7.868252455244146;8.841544539709398;53.07855965559718;459.22828369140626
2024-07-15 00:00:00-04:00;452.48443329494324;456.4373305955963;450.61780257874887;453.14324951171875;14429400;0.0;0.0;7.077131411284597;8.488661914024439;55.283034274923516;456.7767028808594
2024-07-16 00:00:00-04:00;453.4027989347938;453.4826416005614;445.8564028188264;448.71124267578125;17175700;0.0;0.0;6.023105758463316;7.9955506829122145;48.82187888832357;454.77630615234375
2024-07-17 00:00:00-04:00;441.79369593210816;444.0496395265401;438.3898274906823;442.7220153808594;21778000;0.0;0.0;4.650889684909146;7.326618483311601;43.40254189608957;450.2384826660156
2024-07-18 00:00:00-04:00;443.5405562956479;443.84999611813106;433.61843753799087;439.57769775390625;20794800;0.0;0.0;3.2719612731663688;6.515687041282556;40.8154164403571;447.37763671875
2024-07-19 00:00:00-04:00;432.32078277543104;440.34632592638405;431.2227557769831;436.32354736328125;20940400;0.0;0.0;1.8947266029114758;5.59149495360834;42.46551804859778;444.0955505371094
2024-07-22 00:00:00-04:00;440.9951415745854;443.8000833958314;438.12031838604275;442.14306640625;15808800;0.0;0.0;1.2583394019753769;4.724863843281748;38.76119998006678;441.8955139160156
2024-07-23 00:00:00-04:00;443.1013491115581;447.5832916213236;442.30280062043124;444.0496520996094;13107100;0.0;0.0;0.8974976969859654;3.9593906140225914;38.11565002339147;440.96319580078125
2024-07-24 00:00:00-04:00;439.6575641864461;440.6857098144858;426.8206857763536;428.1283264160156;26805800;0.0;0.0;-0.6655181970330091;3.0344088518114716;28.80140689889663;438.0444580078125
2024-07-25 00:00:00-04:00;428.02849922740444;429.0267000469298;416.7588339080866;417.647216796875;29943800;0.0;0.0;-2.7186189588649654;1.8838032896761845;18.838754136966486;433.6583618164062
2024-07-26 00:00:00-04:00;417.4475956401735;428.14830966269454;416.5192457247621;424.5048522949219;23583800;0.0;0.0;-3.749144428161344;0.757213746108679;25.737301140704787;431.29462280273435
2024-07-29 00:00:00-04:00;430.8034993953489;431.3724811776246;423.93590329611;425.9622497558594;15125800;0.0;0.0;-4.3975512584678995;-0.27373925480663674;29.284017802266362;428.05845947265624
2024-07-30 00:00:00-04:00;426.950470567327;428.27806429980717;416.6090938774579;422.15911865234375;32687600;0.0;0.0;-5.158831441370637;-1.2507576921194368;21.601834753560183;423.68035278320315
2024-07-31 00:00:00-04:00;419.7434462343891;421.0211420698181;411.4683528789598;417.5973205566406;42891400;0.0;0.0;-6.060390048813531;-2.2126841634582557;23.777275317723152;421.57415161132815
2024-08-01 00:00:00-04:00;420.0329297410617;426.6909121222585;412.3467712755952;416.3595275878906;30296400;0.0;0.0;-6.796416430513091;-3.129430616869223;23.74643834481931;421.3166137695313
2024-08-02 00:00:00-04:00;411.747838603881;414.2533323621259;403.61250816930357;407.7550354003906;29437900;0.0;0.0;-7.982021474659291;-4.099948788427237;20.706126679253885;417.966650390625
2024-08-05 00:00:00-04:00;388.46983486087413;400.31847397455925;384.8862670330075;394.4390563964844;40709200;0.0;0.0;-9.882194447169127;-5.256397920175615;18.575922291806478;411.66201171875
2024-08-06 00:00:00-04:00;399.2803346769082;404.94014682452905;397.7830334218698;398.8910217285156;24946500;0.0;0.0;-10.903173821398866;-6.385753100420265;24.161494482403768;407.0083923339844
2024-08-07 00:00:00-04:00;407.9048180980064;409.34219932500315;396.7549009776476;397.7131652832031;20650900;0.0;0.0;-11.672793801730336;-7.44316124068228;24.73496723395337;403.03156127929685
2024-08-08 00:00:00-04:00;401.71593441788025;405.1297641120261;399.2204324052767;401.9654846191406;20203000;0.0;0.0;-11.803532770328559;-8.315235546611536;29.51191984454576;400.1527526855469
2024-08-09 00:00:00-04:00;403.3030798438404;407.3158362110672;401.5362753425401;405.28948974609375;19276700;0.0;0.0;-11.506287590067927;-8.953445955302815;27.349699225894938;399.6596435546875
2024-08-12 00:00:00-04:00;406.32761416420084;408.0245677048975;403.5126806044117;406.07806396484375;16762900;0.0;0.0;-11.079371199592288;-9.37863100416071;26.337379376552065;401.98744506835936
2024-08-13 00:00:00-04:00;408.85307563224285;414.20344793901165;408.83312258213994;413.26513671875;19414300;0.0;0.0;-10.045304164582149;-9.511965636244998;39.60632519103062;404.8622680664063
2024-08-14 00:00:00-04:00;414.05369406899246;416.96845391003643;411.70794647746885;416.1099853515625;18267000;0.0;0.0;-8.89372179134898;-9.388316867265795;48.7964968146779;408.5416320800781
2024-08-15 00:00:00-04:00;419.79998779296875;421.1099853515625;417.6600036621094;421.0299987792969;20752100;0.75;0.0;-7.497652230719098;-9.010183939956455;47.19440655380952;412.3545349121094
2024-08-16 00:00:00-04:00;420.6000061035156;421.3399963378906;417.29998779296875;418.4700012207031;22775600;0.0;0.0;-6.522638537113778;-8.51267485938792;44.05658669037196;414.9906372070312
2024-08-19 00:00:00-04:00;418.9599914550781;421.75;416.4599914550781;421.5299987792969;15234000;0.0;0.0;-5.4403044871692146;-7.898200784944179;49.49498067379353;418.0810241699219
2024-08-20 00:00:00-04:00;421.70001220703125;425.8599853515625;421.6400146484375;424.79998779296875;16387600;0.0;0.0;-4.26947037302034;-7.172454702559412;55.904318898313434;420.38799438476565
2024-08-21 00:00:00-04:00;424.0799865722656;426.3999938964844;421.7200012207031;424.1400146484375;16067300;0.0;0.0;-3.3561426954245235;-6.4091923011324345;56.43897932412576;421.99400024414064
2024-08-22 00:00:00-04:00;424.3599853515625;426.7900085449219;414.6099853515625;415.54998779296875;19361900;0.0;0.0;-3.2875702448051243;-5.784867889866973;56.452495436455706;420.897998046875
2024-08-23 00:00:00-04:00;416.9800109863281;419.260009765625;412.0899963378906;416.7900085449219;18493800;0.0;0.0;-3.0974611680123303;-5.247386545496045;73.12486738807553;420.56199951171874
2024-08-26 00:00:00-04:00;416.3699951171875;417.2799987792969;411.3399963378906;413.489990234375;13152800;0.0;0.0;-3.176465931275118;-4.83320242265186;65.47329865488953;418.95399780273436
2024-08-27 00:00:00-04:00;412.8599853515625;414.3599853515625;410.25;413.8399963378906;13492900;0.0;0.0;-3.1742444933085494;-4.501410836783198;67.39797483890764;416.7619995117187
2024-08-28 00:00:00-04:00;414.8800048828125;415.0;407.30999755859375;410.6000061035156;14882700;0.0;0.0;-3.394791083475127;-4.280086886121584;59.52311712650503;414.0539978027344
2024-08-29 00:00:00-04:00;414.94000244140625;422.04998779296875;410.6000061035156;413.1199951171875;17045200;0.0;0.0;-3.327872153501062;-4.0896439395974795;58.79229099162816;413.5679992675781
2024-08-30 00:00:00-04:00;415.6000061035156;417.489990234375;412.1300048828125;417.1400146484375;24308300;0.0;0.0;-2.9168330046922506;-3.8550817526164343;61.58029320206713;413.63800048828125
2024-09-03 00:00:00-04:00;417.9100036621094;419.8800048828125;407.0299987792969;409.44000244140625;20313600;0.0;0.0;-3.1757995114036817;-3.719225304373884;46.03817502301071;412.8280029296875
2024-09-04 00:00:00-04:00;405.9100036621094;411.239990234375;404.3699951171875;408.8999938964844;15135800;0.0;0.0;-3.3855796554431095;-3.6524961745877293;42.15794899847113;411.8400024414062
2024-09-05 00:00:00-04:00;407.6199951171875;413.1000061035156;406.1300048828125;408.3900146484375;14195500;0.0;0.0;-3.5520373190737473;-3.6324044034849328;34.79309962484551;411.39800415039065
2024-09-06 00:00:00-04:00;409.05999755859375;410.6499938964844;400.79998779296875;401.70001220703125;19609500;0.0;0.0;-4.175649218166427;-3.741053366421232;31.648088294523475;409.1140075683594
2024-09-09 00:00:00-04:00;407.239990234375;408.6499938964844;402.1499938964844;405.7200012207031;15295100;0.0;0.0;-4.295965409035318;-3.8520357749440493;33.05467386440651;406.8300048828125
2024-09-10 00:00:00-04:00;408.20001220703125;416.3299865722656;407.70001220703125;414.20001220703125;19594300;0.0;0.0;-3.6648052473134953;-3.8145896694179386;39.780210080324835;407.7820068359375
2024-09-11 00:00:00-04:00;415.5;423.989990234375;409.5799865722656;423.0400085449219;19266900;0.0;0.0;-2.423357489696116;-3.5363432334735743;49.0839400160517;410.610009765625
2024-09-12 00:00:00-04:00;423.30999755859375;427.3699951171875;419.75;427.0;17418800;0.0;0.0;-1.1071998713321136;-3.0505145610452824;60.33207466530372;414.3320068359375
2024-09-13 00:00:00-04:00;425.8299865722656;431.8299865722656;425.4599914550781;430.5899963378906;15874600;0.0;0.0;0.22297688649223346;-2.3958162715377793;61.945970792738336;420.11000366210936
2024-09-16 00:00:00-04:00;430.6000061035156;433.5299987792969;428.2200012207031;431.3399963378906;13834700;0.0;0.0;1.322426176679528;-1.6521677818943181;66.16555774876306;425.2340026855469
2024-09-17 00:00:00-04:00;440.2300109863281;441.8500061035156;432.2699890136719;435.1499938964844;18874200;0.0;0.0;2.4726791160966286;-0.8271984022961287;68.16090315828677;429.4239990234375
2024-09-18 00:00:00-04:00;435.0;436.0299987792969;430.4100036621094;430.80999755859375;18898000;0.0;0.0;2.999485225539331;-0.06186167672903675;66.90647077955398;430.9779968261719
2024-09-19 00:00:00-04:00;441.2300109863281;441.5;436.8999938964844;438.69000244140625;21706600;0.0;0.0;4.006647265178401;0.7518401116524509;69.62997497868034;433.3159973144531
2024-09-20 00:00:00-04:00;437.2200012207031;439.239990234375;434.2200012207031;435.2699890136719;55167100;0.0;0.0;4.47725295139918;1.4969226796017967;64.04771014117159;434.2519958496094
2024-09-23 00:00:00-04:00;434.2799987792969;436.4599914550781;430.3900146484375;433.510009765625;15128900;0.0;0.0;4.654541079489775;2.1284463595793923;70.54106619385836;434.6859985351563
2024-09-24 00:00:00-04:00;433.0;433.3500061035156;426.1000061035156;429.1700134277344;17015800;0.0;0.0;4.394188297284757;2.581594747120465;66.24461820960147;433.49000244140626
2024-09-25 00:00:00-04:00;429.8299865722656;433.1199951171875;428.57000732421875;432.1099853515625;13396400;0.0;0.0;4.3746596521897345;2.940207728134319;68.29681453093662;433.75
2024-09-26 00:00:00-04:00;435.0899963378906;435.29998779296875;429.1300048828125;431.30999755859375;14492000;0.0;0.0;4.24568907038622;3.2013039965846994;75.12304403485004;432.2739990234375
2024-09-27 00:00:00-04:00;431.5199890136719;431.8500061035156;427.4700012207031;428.0199890136719;14896100;0.0;0.0;3.8338089976360266;3.327804996794965;69.15808118731306;430.8239990234375
2024-09-30 00:00:00-04:00;428.2099914550781;430.4200134277344;425.3699951171875;430.29998779296875;16807300;0.0;0.0;3.6493010484151682;3.3921042071190057;65.4807639263023;430.18199462890624
2024-10-01 00:00:00-04:00;428.45001220703125;428.4800109863281;418.80999755859375;420.69000244140625;19092900;0.0;0.0;2.6965475439332067;3.2529928744818464;47.77334725141904;428.4859924316406
2024-10-02 00:00:00-04:00;422.5799865722656;422.82000732421875;416.7099914550781;417.1300048828125;16582300;0.0;0.0;1.635369949776873;2.9294682895408517;40.57665883087867;425.4899963378906
2024-10-03 00:00:00-04:00;417.6300048828125;419.54998779296875;414.2900085449219;416.5400085449219;13686400;0.0;0.0;0.7382610732724402;2.4912268462871694;35.77070432216519;422.53599853515624
2024-10-04 00:00:00-04:00;418.239990234375;419.75;414.9700012207031;416.05999755859375;19169700;0.0;0.0;-0.011306712906957728;1.990720134448344;34.439902368502345;420.1440002441406
2024-10-07 00:00:00-04:00;416.0;417.1099853515625;409.0;409.5400085449219;20919800;0.0;0.0;-1.1185591537346795;1.3688642768117394;25.2846779304804;415.99200439453125
2024-10-08 00:00:00-04:00;410.8999938964844;415.6600036621094;408.1700134277344;414.7099914550781;19229300;0.0;0.0;-1.5608972253252773;0.7829119763843362;34.70741866943396;414.79600219726564
2024-10-09 00:00:00-04:00;415.8599853515625;420.3800048828125;414.29998779296875;417.4599914550781;14974300;0.0;0.0;-1.6702971705848881;0.2922701469904913;27.65728527336435;414.86199951171875
2024-10-10 00:00:00-04:00;415.2300109863281;417.3500061035156;413.1499938964844;415.8399963378906;13848400;0.0;0.0;-1.8662050325373798;-0.13942488891508292;28.74640644883037;414.7219970703125
2024-10-11 00:00:00-04:00;416.1400146484375;417.1300048828125;413.25;416.32000732421875;14144900;0.0;0.0;-1.9601353296587263;-0.5035669770638116;30.654930351402584;414.7739990234375
2024-10-14 00:00:00-04:00;417.7699890136719;424.0400085449219;417.5199890136719;419.1400146484375;16653100;0.0;0.0;-1.7864318690080268;-0.7601399554526547;38.31273340715596;416.6940002441406
2024-10-15 00:00:00-04:00;422.17999267578125;422.4800109863281;415.260009765625;418.739990234375;18900200;0.0;0.0;-1.6618919956141553;-0.9404903634849548;33.44067781234975;417.5
2024-10-16 00:00:00-04:00;415.1700134277344;416.3599853515625;410.4800109863281;416.1199951171875;15508900;0.0;0.0;-1.7543815401027132;-1.1032685988085065;31.99810196443788;417.23200073242185
2024-10-17 00:00:00-04:00;422.3599853515625;422.5;415.5899963378906;416.7200012207031;14820000;0.0;0.0;-1.758988171656938;-1.234412513378193;35.696217983583864;417.4080017089844
2024-10-18 00:00:00-04:00;417.1400146484375;419.6499938964844;416.260009765625;418.1600036621094;17138600;0.0;0.0;-1.6276799170454979;-1.313065994111654;34.29903908317816;417.7760009765625
2024-10-21 00:00:00-04:00;416.1199951171875;418.9599914550781;413.79998779296875;418.7799987792969;13284766;0.0;0.0;-1.45679572055667;-1.3418119394006571;46.78125581782856;417.70399780273436
